{
  "parent": "block/block",
  "elements": [
      {   "from": [ 0, 0, 0 ],
          "to": [ 16, 15, 16 ],
          "faces": {
              "down":  { "uv": [ 0, 0, 16, 16 ], "texture": "#dirt", "cullface": "down", "tintindex": 0 },
              "up":    { "uv": [ 0, 0, 16, 16 ], "texture": "#top", "tintindex": 0 },
              "north": { "uv": [ 0, 1, 16, 16 ], "texture": "#dirt", "cullface": "north", "tintindex": 0 },
              "south": { "uv": [ 0, 1, 16, 16 ], "texture": "#dirt", "cullface": "south", "tintindex": 0 },
              "west":  { "uv": [ 0, 1, 16, 16 ], "texture": "#dirt", "cullface": "west", "tintindex": 0 },
              "east":  { "uv": [ 0, 1, 16, 16 ], "texture": "#dirt", "cullface": "east", "tintindex": 0 }
          }
      }
  ]
}
