{   "parent": "block/block",
    "textures": {
        "particle": "block/dirt_gray",
        "top": "block/dirt_path_top_gray",
        "side": "block/dirt_path_side_gray",
        "bottom": "block/dirt_gray"
    },
    "elements": [
        {   "from": [ 0, 0, 0 ],
            "to": [ 16, 15, 16 ],
            "faces": {
                "down":  { "uv": [ 0, 0, 16, 16 ], "texture": "#bottom", "cullface": "down", "tintindex": 0 },
                "up":    { "uv": [ 0, 0, 16, 16 ], "texture": "#top", "tintindex": 0 },
                "north": { "uv": [ 0, 1, 16, 16 ], "texture": "#side", "cullface": "north", "tintindex": 0 },
                "south": { "uv": [ 0, 1, 16, 16 ], "texture": "#side", "cullface": "south", "tintindex": 0 },
                "west":  { "uv": [ 0, 1, 16, 16 ], "texture": "#side", "cullface": "west", "tintindex": 0 },
                "east":  { "uv": [ 0, 1, 16, 16 ], "texture": "#side", "cullface": "east", "tintindex": 0 }
            }
        }
    ]
}
